Workbook

Sheet README
B2: PERAG — Results Reproducibility Package
B3: Provenance-Enhanced Retrieval-Augmented Generation with How-Provenance Polynomials — GLOW@ISWC’26
B6: Sheet | C6: Contents
B7: Raw_Recall_AllBackbones | C7: Per-cell gold recall (C1, C2, C3, C4@50%), all 3 backbones x 3 prompts x 16 query sets (n=144).
B8: Raw_FakeAcceptance_AllBackbones | C8: Per-cell fake-fact acceptance (C3, C4), all 3 backbones x 3 prompts x 16 query sets (n=144). Backs Tables 1 & 2.
B9: Raw_Gemma_FakeAccept_Recall | C9: Per-cell fake-fact acceptance (C3, C4, C5) and recall (incl. C4@0% and C5) for Gemma only, 3 prompts x 16 query sets (n=48). Backs Table 4.
B10: Table3_Recall | C10: Reproduces paper Table 3 (gold recall by condition) with live formulas over Raw_Recall_AllBackbones and the Gemma sheet (for C4@0%).
B11: Table4_Lineage | C11: Reproduces paper Table 4 (how-provenance C4 vs. flat-lineage C5, single backbone) with live formulas over Raw_Gemma_FakeAccept_Recall.
B12: Table1_Table2_FakeAcceptance | C12: Reproduces paper Tables 1 & 2 (fake-fact acceptance by domain / backbone / prompt) with live formulas over Raw_FakeAcceptance_AllBackbones.

Sheet Raw_Recall_AllBackbones
A1: Backbone | B1: Prompt | C1: Domain | D1: QuerySet | E1: C1_recall | F1: C2_recall | G1: C3_recall | H1: C4at50_recall
A2: RedHatAI/gemma-4-26B-A4B-it-FP8-Dynamic | B2: Standard (list-based) | C2: Medical | D2: Narrow TI: Tacrolimus + Digoxin [KG-RAG SPOKE 2024] | E2: 0.77 | F2: 0.94 | G2: 0.94 | H2: 1
A3: RedHatAI/gemma-4-26B-A4B-it-FP8-Dynamic | B3: Analyst (evaluate + list) | C3: Medical | D3: Narrow TI: Tacrolimus + Digoxin [KG-RAG SPOKE 2024] | E3: 0.77 | F3: 0.94 | G3: 0.94 | H3: 1
A4: RedHatAI/gemma-4-26B-A4B-it-FP8-Dynamic | B4: OPRO-style (optimised) | C4: Medical | D4: Narrow TI: Tacrolimus + Digoxin [KG-RAG SPOKE 2024] | E4: 0.71 | F4: 0.94 | G4: 0.71 | H4: 0.71
A5: llama-3.3-70b-versatile | B5: Standard (list-based) | C5: Medical | D5: Narrow TI: Tacrolimus + Digoxin [KG-RAG SPOKE 2024] | E5: 0.49 | F5: 0.78 | G5: 0.71 | H5: 0.88
A6: llama-3.3-70b-versatile | B6: Analyst (evaluate + list) | C6: Medical | D6: Narrow TI: Tacrolimus + Digoxin [KG-RAG SPOKE 2024] | E6: 0.48 | F6: 0.71 | G6: 0.78 | H6: 0.77
A7: llama-3.3-70b-versatile | B7: OPRO-style (optimised) | C7: Medical | D7: Narrow TI: Tacrolimus + Digoxin [KG-RAG SPOKE 2024] | E7: 0.53 | F7: 0.77 | G7: 0.82 | H7: 0.71
A8: QuantTrio/Qwen3.6-35B-A3B-AWQ | B8: Standard (list-based) | C8: Medical | D8: Narrow TI: Tacrolimus + Digoxin [KG-RAG SPOKE 2024] | E8: 0.65 | F8: 1 | G8: 1 | H8: 0.89
A9: QuantTrio/Qwen3.6-35B-A3B-AWQ | B9: Analyst (evaluate + list) | C9: Medical | D9: Narrow TI: Tacrolimus + Digoxin [KG-RAG SPOKE 2024] | E9: 0.71 | F9: 0.95 | G9: 1 | H9: 1
A10: QuantTrio/Qwen3.6-35B-A3B-AWQ | B10: OPRO-style (optimised) | C10: Medical | D10: Narrow TI: Tacrolimus + Digoxin [KG-RAG SPOKE 2024] | E10: 0.77 | F10: 1 | G10: 1 | H10: 1
A11: RedHatAI/gemma-4-26B-A4B-it-FP8-Dynamic | B11: Standard (list-based) | C11: Medical | D11: PGx CYP: Clopidogrel + Warfarin [MIRAGE ACL 2024] | E11: 0.78 | F11: 0.89 | G11: 0.78 | H11: 0.95
A12: RedHatAI/gemma-4-26B-A4B-it-FP8-Dynamic | B12: Analyst (evaluate + list) | C12: Medical | D12: PGx CYP: Clopidogrel + Warfarin [MIRAGE ACL 2024] | E12: 0.89 | F12: 0.95 | G12: 0.84 | H12: 0.95
A13: RedHatAI/gemma-4-26B-A4B-it-FP8-Dynamic | B13: OPRO-style (optimised) | C13: Medical | D13: PGx CYP: Clopidogrel + Warfarin [MIRAGE ACL 2024] | E13: 0.89 | F13: 0.89 | G13: 0.95 | H13: 0.78
... A145: QuantTrio/Qwen3.6-35B-A3B-AWQ | B145: OPRO-style (optimised) | C145: General Knowledge | D145: General Full Panel [HotpotQA + MuSiQue + KGQAGen] | E145: 0.88 | F145: 1 | G145: 1 | H145: 1
A147: Source: ResultPerag.xlsx (uploaded by user, unmodified values). Recall only — no fake-fact acceptance scoring in this file. "C4at50_recall" = the C4 column in the original file, which matches the paper's C4@50% recall figure (86.4% overall), not C4@0%.

Sheet Raw_Gemma_FakeAccept_Recall
A1: Model | B1: Prompt | C1: Benchmark | D1: Domain | E1: C3_fake | F1: C4_fake | G1: C5_fake | H1: C1_recall | I1: C2_recall | J1: C3_recall | K1: C4at50_recall | L1: C5_recall | M1: C4at0_recall
A2: Gemma | B2: Standard | C2: ðŸŽ¯ Narrow Therapeutic Index [Tacrolimus + Digoxin + Warfarin] | D2: medical | E2: 0.75 | F2: 0.38 | G2: 0.45 | H2: 0.77 | I2: 0.94 | J2: 0.94 | K2: 1 | L2: 0.95 | M2: 1
A3: Gemma | B3: Standard | C3: ðŸ§¬ Pharmacogenomics CYP [Clopidogrel + Warfarin + Simvastatin + Metformin] | D3: medical | E3: 0.75 | F3: 0 | G3: 0.25 | H3: 0.78 | I3: 0.89 | J3: 0.78 | K3: 0.95 | L3: 0.9 | M3: 0.95
A4: Gemma | B4: Standard | C4: ðŸ’Š Statin Safety Interactions [Simvastatin + Atorvastatin + Digoxin + Warfarin] | D4: medical | E4: 0.25 | F4: 0.25 | G4: 0.25 | H4: 0.88 | I4: 1 | J4: 1 | K4: 1 | L4: 1 | M4: 1
A5: Gemma | B5: Standard | C5: ðŸ”¬ MedHalt â€” Hallucination Test [Pal et al., CoNLL 2023] | D5: medical | E5: 0.44 | F5: 0.19 | G5: 0.27 | H5: 0.76 | I5: 0.89 | J5: 0.89 | K5: 0.89 | L5: 0.8 | M5: 0.86
A6: Gemma | B6: Standard | C6: ðŸ¥ MIRAGE â€” Biomedical RAG Benchmark [Xiong et al., ACL 2024] | D6: medical | E6: 0.44 | F6: 0.25 | G6: 0.37 | H6: 0.91 | I6: 0.85 | J6: 0.86 | K6: 0.94 | L6: 0.9 | M6: 0.92
A7: Gemma | B7: Standard | C7: ðŸ§ KG-RAG SPOKE â€” Biomedical True/False + MCQ [Baranzini Lab 2024] | D7: medical | E7: 0.56 | F7: 0.31 | G7: 0.45 | H7: 0.64 | I7: 0.86 | J7: 0.94 | K7: 0.97 | L7: 0.9 | M7: 0.92
A8: Gemma | B8: Standard | C8: âš ï¸ Full Contraindication Panel â€” 8 drugs | D8: medical | E8: 0.38 | F8: 0.25 | G8: 0.29 | H8: 0.84 | I8: 0.9 | J8: 0.93 | K8: 0.99 | L8: 0.92 | M8: 0.99
A9: Gemma | B9: Standard | C9: ðŸŒ QALD-9 â€” DBpedia SPARQL QA [Perevalov et al. 2022] | D9: geographic | E9: 0.75 | F9: 0.06 | G9: 0.15 | H9: 0.8 | I9: 1 | J9: 0.96 | K9: 1 | L9: 1 | M9: 1
A10: Gemma | B10: Standard | C10: ðŸ“ SimpleQA â€” Geographic Facts [OpenAI 2024] | D10: geographic | E10: 0.75 | F10: 0.63 | G10: 0.63 | H10: 0.7 | I10: 1 | J10: 1 | K10: 1 | L10: 1 | M10: 1
A11: Gemma | B11: Standard | C11: ðŸ—ºï¸ LC-QuAD 2.0 â€” Complex Geographic QA [Dubey et al., ISWC 2019] | D11: geographic | E11: 0.75 | F11: 0.56 | G11: 0.6 | H11: 0.72 | I11: 1 | J11: 1 | K11: 1 | L11: 1 | M11: 1
A12: Gemma | B12: Standard | C12: ðŸŒ MultiHal â€” KG-Grounded Hallucination Eval [Lavrinovics et al., 2025] | D12: geographic | E12: 0.75 | F12: 0.38 | G12: 0.55 | H12: 0.68 | I12: 1 | J12: 0.96 | K12: 1 | L12: 1 | M12: 1
A13: Gemma | B13: Standard | C13: ðŸ”¥ HotpotQA â€” Multi-hop Reasoning [Yang et al., EMNLP 2018] | D13: general | E13: 0.13 | F13: 0 | G13: 0.06 | H13: 1 | I13: 1 | J13: 1 | K13: 1 | L13: 1 | M13: 1
... A49: Gemma | B49: Optimised | C49: ðŸ“š General Full Panel â€” 8 entities [HotpotQA + MuSiQue + KGQAGen pattern] | D49: general | E49: 0.13 | F49: 0 | G49: 0.05 | H49: 1 | I49: 1 | J49: 1 | K49: 1 | L49: 1 | M49: 1
A51: Source: ResultLLM4.xlsx (uploaded by user, unmodified values; benchmark names decoded from mojibake emoji). Gemma-only — matches the single-backbone scope of the paper's C4-vs-C5 lineage comparison (Section 5.5, Table 4).

Sheet Table3_Recall
A1: Table 3 — Gold recall by condition (reproduces paper Section 5.4)
A2: Overall (n=144 for C1/C2/C3/C4@50%, all 3 backbones; n=48 for C4@0%, Gemma only)
A4: Condition | B4: Recall | C4: n | D4: Scope | E4: Formula
A5: C1 (parametric only) | B5: =AVERAGE(Raw_Recall_AllBackbones!E2:E145) -> 0.72701389 | C5: =COUNT(Raw_Recall_AllBackbones!E2:E145) -> 144 | D5: All 3 backbones
A6: C2 (clean RAG) | B6: =AVERAGE(Raw_Recall_AllBackbones!F2:F145) -> 0.89159722 | C6: =COUNT(Raw_Recall_AllBackbones!F2:F145) -> 144 | D6: All 3 backbones
A7: C3 (polluted RAG, reference only) | B7: =AVERAGE(Raw_Recall_AllBackbones!G2:G145) -> 0.86402778 | C7: =COUNT(Raw_Recall_AllBackbones!G2:G145) -> 144 | D7: All 3 backbones
A8: C4@0% (PERAG, no fakes) | B8: =AVERAGE(Raw_Gemma_FakeAccept_Recall!M2:M49) -> 0.93854167 | C8: =COUNT(Raw_Gemma_FakeAccept_Recall!M2:M49) -> 48 | D8: Gemma only — not available for Llama/Qwen
A9: C4@50% (PERAG, heavy pollution) | B9: =AVERAGE(Raw_Recall_AllBackbones!H2:H145) -> 0.86444444 | C9: =COUNT(Raw_Recall_AllBackbones!H2:H145) -> 144 | D9: All 3 backbones
A11: Paper-reported values for comparison:
A12: C1 | B12: 0.727
A13: C2 | B13: 0.892
A14: C3 | B14: 0.864
A15: C4@0% | B15: 0.888
A16: C4@50% | B16: 0.864

Sheet Table4_Lineage
A1: Table 4 — How-provenance (C4) vs. flat lineage (C5), single backbone (reproduces paper Section 5.5)
A2: Scope: Gemma-4-26B-A4B only, 3 prompts x 16 query sets, n=48 (matches paper's stated single-backbone scope for this comparison)
A4: Domain | B4: C3 fake-accept % | C4: C4 fake-accept % | D4: C5 fake-accept % | E4: n
A5: Overall | B5: =AVERAGE(Raw_Gemma_FakeAccept_Recall!E2:E49) -> 0.46416667 | C5: =AVERAGE(Raw_Gemma_FakeAccept_Recall!F2:F49) -> 0.16416667 | D5: =AVERAGE(Raw_Gemma_FakeAccept_Recall!G2:G49) -> 0.25625 | E5: =COUNT(Raw_Gemma_FakeAccept_Recall!E2:E49) -> 48
A6: Medical | B6: =AVERAGEIF(Raw_Gemma_FakeAccept_Recall!D2:D49,"medical",Raw_Gemma_FakeAccept_Recall!E2:E49) -> 0.49904762 | C6: =AVERAGEIF(Raw_Gemma_FakeAccept_Recall!D2:D49,"medical",Raw_Gemma_FakeAccept_Recall!F2:F49) -> 0.19190476 | D6: =AVERAGEIF(Raw_Gemma_FakeAccept_Recall!D2:D49,"medical",Raw_Gemma_FakeAccept_Recall!G2:G49) -> 0.30047619 | E6: =COUNTIF(Raw_Gemma_FakeAccept_Recall!D2:D49,"medical") -> 21
A7: Geography | B7: =AVERAGEIF(Raw_Gemma_FakeAccept_Recall!D2:D49,"geographic",Raw_Gemma_FakeAccept_Recall!E2:E49) -> 0.75 | C7: =AVERAGEIF(Raw_Gemma_FakeAccept_Recall!D2:D49,"geographic",Raw_Gemma_FakeAccept_Recall!F2:F49) -> 0.25666667 | D7: =AVERAGEIF(Raw_Gemma_FakeAccept_Recall!D2:D49,"geographic",Raw_Gemma_FakeAccept_Recall!G2:G49) -> 0.3875 | E7: =COUNTIF(Raw_Gemma_FakeAccept_Recall!D2:D49,"geographic") -> 12
A8: General Knowledge | B8: =AVERAGEIF(Raw_Gemma_FakeAccept_Recall!D2:D49,"general",Raw_Gemma_FakeAccept_Recall!E2:E49) -> 0.18666667 | C8: =AVERAGEIF(Raw_Gemma_FakeAccept_Recall!D2:D49,"general",Raw_Gemma_FakeAccept_Recall!F2:F49) -> 0.051333333 | D8: =AVERAGEIF(Raw_Gemma_FakeAccept_Recall!D2:D49,"general",Raw_Gemma_FakeAccept_Recall!G2:G49) -> 0.089333333 | E8: =COUNTIF(Raw_Gemma_FakeAccept_Recall!D2:D49,"general") -> 15
A11: Cell-level win/tie/loss count (C4 vs. C5, lower fake-acceptance = win)
A12: C4 < C5 (how-provenance wins) | B12: =SUMPRODUCT((Raw_Gemma_FakeAccept_Recall!F2:F49<Raw_Gemma_FakeAccept_Recall!G2:G49)*1) -> 42
A13: C4 = C5 (tie) | B13: =SUMPRODUCT((Raw_Gemma_FakeAccept_Recall!F2:F49=Raw_Gemma_FakeAccept_Recall!G2:G49)*1) -> 6
A14: C4 > C5 (lineage wins) | B14: =SUMPRODUCT((Raw_Gemma_FakeAccept_Recall!F2:F49>Raw_Gemma_FakeAccept_Recall!G2:G49)*1) -> 0
A17: Recall check: C4@50% vs. C2 (clean) and C5 (lineage)
A18: C2 (clean RAG) recall | B18: =AVERAGE(Raw_Gemma_FakeAccept_Recall!I2:I49) -> 0.95583333
A19: C4@50% recall | B19: =AVERAGE(Raw_Gemma_FakeAccept_Recall!K2:K49) -> 0.95708333
A20: C5 recall | B20: =AVERAGE(Raw_Gemma_FakeAccept_Recall!L2:L49) -> 0.92645833
A23: Paper-reported values for comparison (Table 4, overall row): C3=46.4%, C4=16.4%, C5=25.6%; wins 42, ties 6, losses 0; C4@50% recall = 95.7%

Sheet Raw_FakeAcceptance_AllBackbones
A1: Backbone | B1: Prompt | C1: Domain | D1: QuerySet | E1: C3_fake | F1: C4_fake
A2: RedHatAI/gemma-4-26B-A4B-it-FP8-Dynamic | B2: Standard (list-based) | C2: Medical | D2: Narrow TI: Tacrolimus + Digoxin [KG-RAG SPOKE 2024] | E2: 0.75 | F2: 0.38
A3: RedHatAI/gemma-4-26B-A4B-it-FP8-Dynamic | B3: Analyst (evaluate + list) | C3: Medical | D3: Narrow TI: Tacrolimus + Digoxin [KG-RAG SPOKE 2024] | E3: 0.75 | F3: 0.5
A4: RedHatAI/gemma-4-26B-A4B-it-FP8-Dynamic | B4: OPRO-style (optimised) | C4: Medical | D4: Narrow TI: Tacrolimus + Digoxin [KG-RAG SPOKE 2024] | E4: 0.75 | F4: 0.38
A5: llama-3.3-70b-versatile | B5: Standard (list-based) | C5: Medical | D5: Narrow TI: Tacrolimus + Digoxin [KG-RAG SPOKE 2024] | E5: 0.5 | F5: 0
A6: llama-3.3-70b-versatile | B6: Analyst (evaluate + list) | C6: Medical | D6: Narrow TI: Tacrolimus + Digoxin [KG-RAG SPOKE 2024] | E6: 0.5 | F6: 0.13
A7: llama-3.3-70b-versatile | B7: OPRO-style (optimised) | C7: Medical | D7: Narrow TI: Tacrolimus + Digoxin [KG-RAG SPOKE 2024] | E7: 0.5 | F7: 0.25
A8: QuantTrio/Qwen3.6-35B-A3B-AWQ | B8: Standard (list-based) | C8: Medical | D8: Narrow TI: Tacrolimus + Digoxin [KG-RAG SPOKE 2024] | E8: 0.75 | F8: 0.5
A9: QuantTrio/Qwen3.6-35B-A3B-AWQ | B9: Analyst (evaluate + list) | C9: Medical | D9: Narrow TI: Tacrolimus + Digoxin [KG-RAG SPOKE 2024] | E9: 0.5 | F9: 0.13
A10: QuantTrio/Qwen3.6-35B-A3B-AWQ | B10: OPRO-style (optimised) | C10: Medical | D10: Narrow TI: Tacrolimus + Digoxin [KG-RAG SPOKE 2024] | E10: 0.75 | F10: 0.25
A11: RedHatAI/gemma-4-26B-A4B-it-FP8-Dynamic | B11: Standard (list-based) | C11: Medical | D11: PGx CYP: Clopidogrel + Warfarin [MIRAGE ACL 2024] | E11: 0.75 | F11: 0
A12: RedHatAI/gemma-4-26B-A4B-it-FP8-Dynamic | B12: Analyst (evaluate + list) | C12: Medical | D12: PGx CYP: Clopidogrel + Warfarin [MIRAGE ACL 2024] | E12: 0.5 | F12: 0.13
A13: RedHatAI/gemma-4-26B-A4B-it-FP8-Dynamic | B13: OPRO-style (optimised) | C13: Medical | D13: PGx CYP: Clopidogrel + Warfarin [MIRAGE ACL 2024] | E13: 0.75 | F13: 0
... A145: QuantTrio/Qwen3.6-35B-A3B-AWQ | B145: OPRO-style (optimised) | C145: General Knowledge | D145: General Full Panel [HotpotQA + MuSiQue + KGQAGen] | E145: 0.13 | F145: 0
A147: Source: esultPerag2.xlsx (uploaded by user). Fake-fact acceptance (C3=polluted RAG, no provenance; C4=PERAG with provenance token) across all 3 backbones x 3 prompts x 16 query sets (n=144). One malformed cell in the original file (Llama / OPRO-style / QALD-9 / C4, stored as the text "13%\n" instead of a number) was parsed to 0.13 — confirmed consistent with the surrounding data. This sheet, cross-checked against the paper, reproduces Tables 1 and 2 exactly (see Table1_Table2_FakeAcceptance sheet).

Sheet Table1_Table2_FakeAcceptance
A1: Tables 1 & 2 — Fake-fact acceptance, C3 vs. C4 (reproduces paper Section 5.3)
A2: All figures below are computed live from Raw_FakeAcceptance_AllBackbones (n=144, all 3 backbones x 3 prompts x 16 query sets).
A4: Overall
B5: C3 fake% | C5: C4 fake% | D5: Rel. reduction | E5: n
A6: All domains / backbones / prompts | B6: =AVERAGE(Raw_FakeAcceptance_AllBackbones!E2:E145) -> 0.40930556 | C6: =AVERAGE(Raw_FakeAcceptance_AllBackbones!F2:F145) -> 0.16118056 | D6: =1-(C6/B6) -> 0.6062097 | E6: =COUNT(Raw_FakeAcceptance_AllBackbones!E2:E145) -> 144
A10: Table 1 — by domain (all backbones combined)
A11: Domain | B11: C3 fake% | C11: C4 fake% | D11: Rel. reduction | E11: n
A12: Medical | B12: =AVERAGEIF(Raw_FakeAcceptance_AllBackbones!C2:C145,"Medical",Raw_FakeAcceptance_AllBackbones!E2:E145) -> 0.40634921 | C12: =AVERAGEIF(Raw_FakeAcceptance_AllBackbones!C2:C145,"Medical",Raw_FakeAcceptance_AllBackbones!F2:F145) -> 0.1652381 | D12: =1-(C12/B12) -> 0.59335937 | E12: =COUNTIF(Raw_FakeAcceptance_AllBackbones!C2:C145,"Medical") -> 63
A13: Geography | B13: =AVERAGEIF(Raw_FakeAcceptance_AllBackbones!C2:C145,"Geography",Raw_FakeAcceptance_AllBackbones!E2:E145) -> 0.69 | C13: =AVERAGEIF(Raw_FakeAcceptance_AllBackbones!C2:C145,"Geography",Raw_FakeAcceptance_AllBackbones!F2:F145) -> 0.28472222 | D13: =1-(C13/B13) -> 0.5873591 | E13: =COUNTIF(Raw_FakeAcceptance_AllBackbones!C2:C145,"Geography") -> 36
A14: General Knowledge | B14: =AVERAGEIF(Raw_FakeAcceptance_AllBackbones!C2:C145,"General Knowledge",Raw_FakeAcceptance_AllBackbones!E2:E145) -> 0.18888889 | C14: =AVERAGEIF(Raw_FakeAcceptance_AllBackbones!C2:C145,"General Knowledge",Raw_FakeAcceptance_AllBackbones!F2:F145) -> 0.056666667 | D14: =1-(C14/B14) -> 0.7 | E14: =COUNTIF(Raw_FakeAcceptance_AllBackbones!C2:C145,"General Knowledge") -> 45
A19: Table 2 — by backbone LLM
A20: Backbone | B20: C3 fake% | C20: C4 fake% | D20: Rel. reduction | E20: n
A21: Gemma-4-26B-A4B | B21: =AVERAGEIF(Raw_FakeAcceptance_AllBackbones!A2:A145,"RedHatAI/gemma-4-26B-A4B-it-FP8-Dynamic",Raw_FakeAcceptance_AllBackbones!E2:E145) -> 0.46020833 | C21: =AVERAGEIF(Raw_FakeAcceptance_AllBackbones!A2:A145,"RedHatAI/gemma-4-26B-A4B-it-FP8-Dynamic",Raw_FakeAcceptance_AllBackbones!F2:F145) -> 0.168125 | D21: =1-(C21/B21) -> 0.63467632 | E21: =COUNTIF(Raw_FakeAcceptance_AllBackbones!A2:A145,"RedHatAI/gemma-4-26B-A4B-it-FP8-Dynamic") -> 48
A22: Llama-3.3-70B | B22: =AVERAGEIF(Raw_FakeAcceptance_AllBackbones!A2:A145,"llama-3.3-70b-versatile",Raw_FakeAcceptance_AllBackbones!E2:E145) -> 0.36458333 | C22: =AVERAGEIF(Raw_FakeAcceptance_AllBackbones!A2:A145,"llama-3.3-70b-versatile",Raw_FakeAcceptance_AllBackbones!F2:F145) -> 0.14395833 | D22: =1-(C22/B22) -> 0.60514286 | E22: =COUNTIF(Raw_FakeAcceptance_AllBackbones!A2:A145,"llama-3.3-70b-versatile") -> 48
A23: Qwen3.6-35B | B23: =AVERAGEIF(Raw_FakeAcceptance_AllBackbones!A2:A145,"QuantTrio/Qwen3.6-35B-A3B-AWQ",Raw_FakeAcceptance_AllBackbones!E2:E145) -> 0.403125 | C23: =AVERAGEIF(Raw_FakeAcceptance_AllBackbones!A2:A145,"QuantTrio/Qwen3.6-35B-A3B-AWQ",Raw_FakeAcceptance_AllBackbones!F2:F145) -> 0.17145833 | D23: =1-(C23/B23) -> 0.574677 | E23: =COUNTIF(Raw_FakeAcceptance_AllBackbones!A2:A145,"QuantTrio/Qwen3.6-35B-A3B-AWQ") -> 48
A28: Table 2 — by prompt phrasing
A29: Prompt | B29: C3 fake% | C29: C4 fake% | D29: Rel. reduction | E29: n
A30: Standard (list-based) | B30: =AVERAGEIF(Raw_FakeAcceptance_AllBackbones!B2:B145,"Standard (list-based)",Raw_FakeAcceptance_AllBackbones!E2:E145) -> 0.419375 | C30: =AVERAGEIF(Raw_FakeAcceptance_AllBackbones!B2:B145,"Standard (list-based)",Raw_FakeAcceptance_AllBackbones!F2:F145) -> 0.18770833 | D30: =1-(C30/B30) -> 0.55240934 | E30: =COUNTIF(Raw_FakeAcceptance_AllBackbones!B2:B145,"Standard (list-based)") -> 48
A31: Analyst (evaluate + list) | B31: =AVERAGEIF(Raw_FakeAcceptance_AllBackbones!B2:B145,"Analyst (evaluate + list)",Raw_FakeAcceptance_AllBackbones!E2:E145) -> 0.39125 | C31: =AVERAGEIF(Raw_FakeAcceptance_AllBackbones!B2:B145,"Analyst (evaluate + list)",Raw_FakeAcceptance_AllBackbones!F2:F145) -> 0.19270833 | D31: =1-(C31/B31) -> 0.50745474 | E31: =COUNTIF(Raw_FakeAcceptance_AllBackbones!B2:B145,"Analyst (evaluate + list)") -> 48
A32: OPRO-style (optimised) | B32: =AVERAGEIF(Raw_FakeAcceptance_AllBackbones!B2:B145,"OPRO-style (optimised)",Raw_FakeAcceptance_AllBackbones!E2:E145) -> 0.41729167 | C32: =AVERAGEIF(Raw_FakeAcceptance_AllBackbones!B2:B145,"OPRO-style (optimised)",Raw_FakeAcceptance_AllBackbones!F2:F145) -> 0.103125 | D32: =1-(C32/B32) -> 0.75287069 | E32: =COUNTIF(Raw_FakeAcceptance_AllBackbones!B2:B145,"OPRO-style (optimised)") -> 48
